{
  "project_info": {
    "project_number": "138612062410",
    "project_id": "todolist-ea9bc",
    "storage_bucket": "todolist-ea9bc.appspot.com"
  },
  "client": [
    {
      "client_info": {
        "mobilesdk_app_id": "1:138612062410:android:e5fbb193da52e675b11c33",
        "android_client_info": {
          "package_name": "tdtu.finalproject.myapplication"
        }
      },
      "oauth_client": [
        {
          "client_id": "138612062410-kahgdm2781duld1ia817c57j6o98vhrn.apps.googleusercontent.com",
          "client_type": 1,
          "android_info": {
            "package_name": "tdtu.finalproject.myapplication",
            "certificate_hash": "9fd338cd02fadab9173ead8e68458f7c99d8d4d9"
          }
        },
        {
          "client_id": "138612062410-4qqusrsq4al2u8bv8spnu9022mhhs3p2.apps.googleusercontent.com",
          "client_type": 3
        }
      ],
      "api_key": [
        {
          "current_key": "AIzaSyCICBp-JJzlrmZj1Sj-VWwztKcINE4KHnE"
        }
      ],
      "services": {
        "appinvite_service": {
          "other_platform_oauth_client": [
            {
              "client_id": "138612062410-4qqusrsq4al2u8bv8spnu9022mhhs3p2.apps.googleusercontent.com",
              "client_type": 3
            }
          ]
        }
      }
    }
  ],
  "configuration_version": "1"
}